{
  "ap": [
    6.28348970413208,
    6.104345321655273,
    6.093647480010986,
    6.37879753112793,
    6.138118743896484,
    6.280084609985352,
    6.227000713348389,
    6.429075241088867,
    6.261938095092773,
    6.335928916931152,
    6.420353889465332,
    6.240036964416504,
    6.448442459106445,
    6.351561069488525,
    6.097333908081055,
    6.239840984344482,
    6.184929847717285,
    6.183536529541016,
    6.4051666259765625
  ],
  "ape": [
    2.62218976020813,
    2.590108633041382,
    2.522892475128174,
    2.5982844829559326,
    2.6417558193206787,
    2.6406209468841553,
    2.661181926727295,
    2.7126097679138184,
    2.6795356273651123,
    2.498469829559326,
    2.5005548000335693,
    2.627917528152466,
    2.726328134536743,
    2.7292532920837402,
    2.617436408996582,
    2.680631637573242,
    2.6120693683624268,
    2.5639779567718506,
    2.6930172443389893
  ],
  "char_spans": [
    [
      0,
      2
    ],
    [
      2,
      6
    ],
    [
      6,
      13
    ],
    [
      13,
      18
    ],
    [
      18,
      19
    ],
    [
      19,
      22
    ],
    [
      22,
      23
    ],
    [
      23,
      28
    ],
    [
      28,
      34
    ],
    [
      34,
      39
    ],
    [
      39,
      43
    ],
    [
      43,
      48
    ],
    [
      48,
      49
    ],
    [
      49,
      52
    ],
    [
      52,
      58
    ],
    [
      58,
      59
    ],
    [
      59,
      67
    ],
    [
      67,
      73
    ],
    [
      73,
      74
    ]
  ],
  "matrix": [
    [
      7.712760925292969,
      6.992663383483887,
      6.843537330627441,
      7.1064653396606445,
      6.75667667388916,
      6.798815727233887,
      6.564811706542969,
      6.631716728210449,
      6.148316383361816,
      6.323186874389648,
      6.303651809692383,
      5.925868034362793,
      6.155216217041016,
      6.098972320556641,
      5.564272880554199,
      5.7043304443359375,
      5.629986763000488,
      5.680625915527344,
      5.873705863952637
    ],
    [
      6.992663383483887,
      6.816007614135742,
      6.721574306488037,
      6.883288383483887,
      6.432137489318848,
      6.395457744598389,
      6.206189155578613,
      6.469625949859619,
      6.071560382843018,
      6.119655609130859,
      6.168972969055176,
      5.816967964172363,
      5.888861179351807,
      5.7751359939575195,
      5.480634689331055,
      5.636989593505859,
      5.4984049797058105,
      5.649750709533691,
      5.670342922210693
    ],
    [
      6.843537330627441,
      6.721574306488037,
      6.780268669128418,
      6.918882369995117,
      6.401317596435547,
      6.372384071350098,
      6.185020446777344,
      6.515912055969238,
      6.210251808166504,
      6.171995162963867,
      6.1674652099609375,
      5.886593818664551,
      5.844973564147949,
      5.710197448730469,
      5.508457183837891,
      5.535828590393066,
      5.518060684204102,
      5.590646743774414,
      5.582558631896973
    ],
    [
      7.1064653396606445,
      6.883288383483887,
      6.918882369995117,
      7.225451469421387,
      6.731649398803711,
      6.667949676513672,
      6.430194854736328,
      6.73327112197876,
      6.4085588455200195,
      6.487689971923828,
      6.535758018493652,
      6.241452217102051,
      6.259273529052734,
      6.072874069213867,
      5.797605514526367,
      5.873085975646973,
      5.829148292541504,
      5.873838424682617,
      5.967365264892578
    ],
    [
      6.75667667388916,
      6.432137489318848,
      6.401317596435547,
      6.731649398803711,
      6.531485080718994,
      6.5548529624938965,
      6.315918922424316,
      6.413729190826416,
      6.013495445251465,
      6.131853103637695,
      6.1927642822265625,
      5.916349411010742,
      6.129961967468262,
      6.07073974609375,
      5.570805549621582,
      5.696976661682129,
      5.6493682861328125,
      5.605584621429443,
      5.901956558227539
    ],
    [
      6.798815727233887,
      6.395457744598389,
      6.372384071350098,
      6.667949676513672,
      6.5548529624938965,
      7.09644079208374,
      6.835946559906006,
      6.538782596588135,
      6.049398422241211,
      6.180233001708984,
      6.246356964111328,
      5.943818092346191,
      6.3841657638549805,
      6.5681352615356445,
      5.7359619140625,
      6.042808532714844,
      5.775568008422852,
      5.732155799865723,
      6.218732833862305
    ],
    [
      6.564811706542969,
      6.206189155578613,
      6.185020446777344,
      6.430194854736328,
      6.315918922424316,
      6.835946559906006,
      6.875934600830078,
      6.484639644622803,
      5.976203918457031,
      6.100743293762207,
      6.196161270141602,
      5.900596618652344,
      6.368727684020996,
      6.555689811706543,
      5.805062294006348,
      6.205976486206055,
      5.880989074707031,
      5.770824432373047,
      6.3023223876953125
    ],
    [
      6.631716728210449,
      6.469625949859619,
      6.515912055969238,
      6.73327112197876,
      6.413729190826416,
      6.538782596588135,
      6.484639644622803,
      6.877965927124023,
      6.507191181182861,
      6.459255218505859,
      6.507657051086426,
      6.244543075561523,
      6.483118057250977,
      6.435147762298584,
      6.155686378479004,
      6.291636943817139,
      6.228307723999023,
      6.223539352416992,
      6.399592399597168
    ],
    [
      6.148316383361816,
      6.071560382843018,
      6.210251808166504,
      6.4085588455200195,
      6.013495445251465,
      6.049398422241211,
      5.976203918457031,
      6.507191181182861,
      6.7056403160095215,
      6.501413345336914,
      6.542788028717041,
      6.370752334594727,
      6.411439895629883,
      6.1851091384887695,
      6.166881084442139,
      6.252932548522949,
      6.259466171264648,
      6.312528610229492,
      6.326601982116699
    ],
    [
      6.323186874389648,
      6.119655609130859,
      6.171995162963867,
      6.487689971923828,
      6.131853103637695,
      6.180233001708984,
      6.100743293762207,
      6.459255218505859,
      6.501413345336914,
      6.81581974029541,
      6.891611576080322,
      6.587330341339111,
      6.600893020629883,
      6.330899238586426,
      6.177264213562012,
      6.243762016296387,
      6.147581577301025,
      6.239185333251953,
      6.352173805236816
    ],
    [
      6.303651809692383,
      6.168972969055176,
      6.1674652099609375,
      6.535758018493652,
      6.1927642822265625,
      6.246356964111328,
      6.196161270141602,
      6.507657051086426,
      6.542788028717041,
      6.891611576080322,
      7.144256591796875,
      6.781096458435059,
      6.777007102966309,
      6.477306365966797,
      6.281388282775879,
      6.350913047790527,
      6.289057731628418,
      6.378900527954102,
      6.477513313293457
    ],
    [
      5.925868034362793,
      5.816967964172363,
      5.886593818664551,
      6.241452217102051,
      5.916349411010742,
      5.943818092346191,
      5.900596618652344,
      6.244543075561523,
      6.370752334594727,
      6.587330341339111,
      6.781096458435059,
      6.648321628570557,
      6.675162315368652,
      6.333850860595703,
      6.266407012939453,
      6.293069839477539,
      6.278702735900879,
      6.36324405670166,
      6.4948577880859375
    ],
    [
      6.155216217041016,
      5.888861179351807,
      5.844973564147949,
      6.259273529052734,
      6.129961967468262,
      6.3841657638549805,
      6.368727684020996,
      6.483118057250977,
      6.411439895629883,
      6.600893020629883,
      6.777007102966309,
      6.675162315368652,
      7.036463737487793,
      6.922197341918945,
      6.469437122344971,
      6.618505954742432,
      6.570955276489258,
      6.553119659423828,
      6.958963394165039
    ],
    [
      6.098972320556641,
      5.7751359939575195,
      5.710197448730469,
