{
  "ap": [
    3.529237985610962,
    5.319570064544678,
    5.288102626800537,
    5.5589423179626465,
    6.015842437744141,
    6.189242839813232,
    6.154322147369385,
    6.263461589813232,
    6.315865993499756,
    6.373169422149658,
    6.239747524261475,
    6.262954235076904,
    6.484290599822998
  ],
  "ape": [
    2.18182635307312,
    2.3957645893096924,
    2.3954451084136963,
    2.3895583152770996,
    2.3868889808654785,
    2.38785457611084,
    2.3783068656921387,
    2.369903564453125,
    2.36749005317688,
    2.366694927215576,
    2.3635432720184326,
    2.364762783050537,
    2.3718602657318115
  ],
  "char_spans": [
    [
      0,
      6
    ],
    [
      6,
      12
    ],
    [
      12,
      14
    ],
    [
      14,
      16
    ],
    [
      16,
      18
    ],
    [
      18,
      22
    ],
    [
      22,
      27
    ],
    [
      27,
      35
    ],
    [
      35,
      37
    ],
    [
      37,
      43
    ],
    [
      43,
      46
    ],
    [
      46,
      47
    ],
    [
      47,
      48
    ]
  ],
  "matrix": [
    [
      4.58034086227417,
      3.442966938018799,
      3.3359787464141846,
      3.452497959136963,
      3.599350929260254,
      3.7594566345214844,
      3.642371654510498,
      3.7895188331604004,
      3.634535789489746,
      3.544217824935913,
      3.4114503860473633,
      3.3212454319000244,
      3.417266845703125
    ],
    [
      3.442966938018799,
      6.000377178192139,
      5.742833137512207,
      5.300621032714844,
      5.462322235107422,
      5.698798179626465,
      5.4447736740112305,
      5.435469627380371,
      5.383233070373535,
      5.580111503601074,
      5.38088321685791,
      5.386604309082031,
      5.576223373413086
    ],
    [
      3.3359787464141846,
      5.742833137512207,
      5.6978044509887695,
      5.425220489501953,
      5.529886245727539,
      5.7240753173828125,
      5.442740440368652,
      5.462667465209961,
      5.39304256439209,
      5.445396900177002,
      5.249109268188477,
      5.255313873291016,
      5.450971603393555
    ],
    [
      3.452497959136963,
      5.300621032714844,
      5.425220489501953,
      6.68814754486084,
      6.25242805480957,
      6.198388576507568,
      5.834782123565674,
      5.784770965576172,
      5.817888259887695,
      5.632706642150879,
      5.501063346862793,
      5.503763198852539,
      6.003175735473633
    ],
    [
      3.599350929260254,
      5.462322235107422,
      5.529886245727539,
      6.25242805480957,
      6.805291175842285,
      6.760786056518555,
      6.384805679321289,
      6.316285133361816,
      6.373201847076416,
      6.325488090515137,
      6.319941520690918,
      6.240294456481934,
      6.625319004058838
    ],
    [
      3.7594566345214844,
      5.698798179626465,
      5.7240753173828125,
      6.198388576507568,
      6.760786056518555,
      7.214626312255859,
      6.734834671020508,
      6.592728614807129,
      6.555548667907715,
      6.513110160827637,
      6.439979076385498,
      6.504093170166016,
      6.789116859436035
    ],
    [
      3.642371654510498,
      5.4447736740112305,
      5.442740440368652,
      5.834782123565674,
      6.384805679321289,
      6.734834671020508,
      6.965446472167969,
      6.848531723022461,
      6.800320625305176,
      6.7609357833862305,
      6.493612289428711,
      6.59983491897583,
      6.864317417144775
    ],
    [
      3.7895188331604004,
      5.435469627380371,
      5.462667465209961,
      5.784770965576172,
      6.316285133361816,
      6.592728614807129,
      6.848531723022461,
      7.328698635101318,
      7.123739242553711,
      7.060890197753906,
      6.752140522003174,
      6.865624904632568,
      7.129166126251221
    ],
    [
      3.634535789489746,
      5.383233070373535,
      5.39304256439209,
      5.817888259887695,
      6.373201847076416,
      6.555548667907715,
      6.800320625305176,
      7.123739242553711,
      7.535926818847656,
      7.364501476287842,
      6.969890594482422,
      7.0613813400268555,
      7.3131103515625
    ],
    [
      3.544217824935913,
      5.580111503601074,
      5.445396900177002,
      5.632706642150879,
      6.325488090515137,
      6.513110160827637,
      6.7609357833862305,
      7.060890197753906,
      7.364501476287842,
      7.713606834411621,
      7.3672404289245605,
      7.382566452026367,
      7.50086784362793
    ],
    [
      3.4114503860473633,
      5.38088321685791,
      5.249109268188477,
      5.501063346862793,
      6.319941520690918,
      6.439979076385498,
      6.493612289428711,
      6.752140522003174,
      6.969890594482422,
      7.3672404289245605,
      7.5364203453063965,
      7.442225933074951,
      7.549434661865234
    ],
    [
      3.3212454319000244,
      5.386604309082031,
      5.255313873291016,
      5.503763198852539,
      6.240294456481934,
      6.504093170166016,
      6.59983491897583,
      6.865624904632568,
      7.0613813400268555,
      7.382566452026367,
      7.442225933074951,
      7.5054931640625,
      7.592507362365723
    ],
    [
      3.417266845703125,
      5.576223373413086,
      5.450971603393555,
      6.003175735473633,
      6.625319004058838,
      6.789116859436035,
      6.864317417144775,
      7.129166126251221,
      7.3131103515625,
      7.50086784362793,
      7.549434661865234,
      7.592507362365723,
      7.907019138336182
    ]
  ],
  "metric": "attention_proximity_qk",
  "model": "Qwen/Qwen3-8B",
  "scalar_ap": 5.845749983420739,
  "scalar_ape": 2.3630692041837253,
  "text": "Minute Cryptic:\nEdison half screwed a lightbulb?",
  "tokens": [
    "Minute",
    "ĠCrypt",
    "ic",
    ":Ċ",
    "Ed",
    "ison",
    "Ġhalf",
    "Ġscrewed",
    "Ġa",
    "Ġlight",
    "bul",
    "b",
    "?"
  ]
}